{
    "Logistic Regression": {
        "0": {
            "precision": 0.4830287206266319,
            "recall": 0.6045751633986928,
            "f1-score": 0.5370101596516691,
            "support": 306.0
        },
        "1": {
            "precision": 0.7457983193277311,
            "recall": 0.6419529837251357,
            "f1-score": 0.6899902818270165,
            "support": 553.0
        },
        "accuracy": 0.6286379511059371,
        "macro avg": {
            "precision": 0.6144135199771815,
            "recall": 0.6232640735619142,
            "f1-score": 0.6135002207393427,
            "support": 859.0
        },
        "weighted avg": {
            "precision": 0.6521923854481778,
            "recall": 0.6286379511059371,
            "f1-score": 0.6354944525072769,
            "support": 859.0
        }
    },
    "Random Forest": {
        "0": {
            "precision": 0.49240121580547114,
            "recall": 0.5294117647058824,
            "f1-score": 0.510236220472441,
            "support": 306.0
        },
        "1": {
            "precision": 0.7283018867924528,
            "recall": 0.6980108499095841,
            "f1-score": 0.7128347183748845,
            "support": 553.0
        },
        "accuracy": 0.6379511059371362,
        "macro avg": {
            "precision": 0.6103515512989619,
            "recall": 0.6137113073077332,
            "f1-score": 0.6115354694236628,
            "support": 859.0
        },
        "weighted avg": {
            "precision": 0.6442674219239821,
            "recall": 0.6379511059371362,
            "f1-score": 0.6406634257577161,
            "support": 859.0
        }
    },
    "Gradient Boosting": {
        "0": {
            "precision": 0.5726495726495726,
            "recall": 0.21895424836601307,
            "f1-score": 0.31678486997635935,
            "support": 306.0
        },
        "1": {
            "precision": 0.6778975741239892,
            "recall": 0.9095840867992767,
            "f1-score": 0.7768339768339768,
            "support": 553.0
        },
        "accuracy": 0.6635622817229336,
        "macro avg": {
            "precision": 0.6252735733867809,
            "recall": 0.5642691675826449,
            "f1-score": 0.5468094234051681,
            "support": 859.0
        },
        "weighted avg": {
            "precision": 0.6404052709212285,
            "recall": 0.6635622817229336,
            "f1-score": 0.612951524332893,
            "support": 859.0
        }
    }
}