,precision,recall,f1-score,support
0,0.4830287206266319,0.6045751633986928,0.5370101596516691,306.0
1,0.7457983193277311,0.6419529837251357,0.6899902818270165,553.0
accuracy,0.6286379511059371,0.6286379511059371,0.6286379511059371,0.6286379511059371
macro avg,0.6144135199771815,0.6232640735619142,0.6135002207393427,859.0
weighted avg,0.6521923854481778,0.6286379511059371,0.6354944525072769,859.0
