decision_threshold,accuracy,precision,recall,f1_score,roc_auc,pr_auc,true_negatives,false_positives,false_negatives,true_positives
0.5,0.6286379511059371,0.7457983193277311,0.6419529837251357,0.6899902818270165,0.6676358307035895,0.7607683495731763,185,121,198,355
