threshold,precision,recall,f1_score
0.3,0.6641221374045801,0.9439421338155516,0.7796863330843914
0.4,0.714975845410628,0.8028933092224232,0.7563884156729132
0.5,0.7457983193277311,0.6419529837251357,0.6899902818270165
0.6,0.7828947368421053,0.43037974683544306,0.5554259043173863
0.7,0.7735849056603774,0.07414104882459313,0.1353135313531353
